androidID,formattedExpectedEndStudy,last_checkout_format,pid_val,formattedStartStudy
bff82403849f47f1,Mar 26 16:05:59,Mar 26 16:11:34,672a56a48f56810ca01f305c,
bf6bad829e2d24de,Mar 16 21:07:24,Mar 16 21:07:34,6658b1babc17230af657c303,
89f82d3cf84970ae,Apr 5 14:40:41,Apr 6 10:29:50,63d14fff9cb486c39dfbd8ce,
b54545d1f9bfe052,Apr 3 20:55:58,Apr 3 21:21:57,66774233add67a4a8e71398e,
3a170781ea967458,Mar 25 17:02:24,Mar 25 17:05:26,6778196d593a47bb67125931,
4c7d4983df0824f3,Mar 19 17:10:40,Mar 19 17:34:29,67b01f249acb8dfd481591e2,
c60b22dbf2c87ce0,Mar 27 19:34:27,Mar 27 23:11:14,,
7fba391a9c5e091a,Mar 2 19:10:08,Mar 3 07:50:20,63d190d52bb71e0e81d868f2,Mar 3 07:33:35
4c7d4983df0824f3,Apr 4 13:16:58,Apr 4 19:09:32,67b01f249acb8dfd481591e2,
a5b1c6388c43a0ad,Mar 3 18:56:30,Mar 3 23:07:59,5928df79366dc80001d0b788,Feb 24 18:59:50
049c7178003e369c,Mar 25 20:40:13,Mar 25 20:50:08,678ce1ebd56c85701ebce209,
3866a1e37dae1c38,Apr 6 21:19:50,Apr 6 21:20:00,6659f77ee4fd69fa455cc86a,
5a115881f77971b8,Mar 4 08:53:41,Mar 4 11:11:00,6396044f6ae489bb820c67a5,Feb 25 08:53:41
f9eaf6a6196690a2,Mar 2 19:50:20,Mar 2 21:28:23,672ba4b271f34057eb25f408,Mar 2 18:46:46
6ac766ec0787d32b,Mar 20 17:07:49,Mar 20 18:09:35,63d1957ba19644f6c749c001,
8644553a03792e82,Mar 4 19:37:30,Mar 4 19:37:49,632b947efa9da6a9bde31f94,Mar 2 20:58:27
56c23ab894f6c1bc,Mar 7 19:33:14,Mar 7 19:33:22,679a0366c8793f4845badfd6,
329304267d464ed2,Feb 27 08:14:32,Feb 27 08:18:33,6659e42c49aec7ddd44444fa,Feb 24 20:38:01
8b49031538f240d2,Mar 4 08:38:49,Mar 14 20:08:12,5978e2db30b1d90001f5daa5,Mar 14 20:08:00
db17676fd20fd34a,Mar 18 20:54:37,Mar 18 21:01:07,6659f68e2b387f043c276d92,
dbc2a036a5ebc12a,Mar 26 15:27:46,Mar 26 23:45:50,60c029faa1d9b671a584f3ca,
f4ff9d496a136e10,Feb 27 00:00:06,Feb 27 00:00:25,5edeea354d54cb1a825aa8f9,Feb 23 20:30:32
5a115881f77971b8,Mar 4 08:53:41,Mar 4 11:11:22,6396044f6ae489bb820c67a5,Feb 25 08:53:41
a4a362639690718a,Mar 19 20:06:51,Mar 19 20:27:31,66293ce3dba0764775195e58,
435232e0f16d52d0,Mar 19 19:10:23,Mar 19 20:11:55,661f7e6d188e3d7530659024,
73695bcf9b47ffe7,Mar 16 21:05:42,Mar 16 21:05:54,5a1d8489ab721b0001ef95cc,
ef9402a338124f55,Mar 18 21:01:21,Mar 18 21:01:33,6762aff824e4f12278e6d3fd,
ed14d957718ea4a9,Apr 7 15:08:34,Apr 7 15:14:18,6654ec982cb90af6e8bc7219,
a4a362639690718a,Mar 19 20:06:51,Mar 19 20:26:50,66293ce3dba0764775195e58,
1e3928489c89f0a2,Mar 9 10:02:09,Mar 9 10:02:17,6709d766da2307f9438df9ee,
78e6da1213a27a09,Mar 4 19:58:56,Mar 4 20:02:06,66eddcfe67e927db6f0a4768,Feb 28 06:11:11
992c116947fc53c3,Mar 9 14:04:19,Mar 9 14:04:27,676998e4f6daae6e1a643595,
ed14d957718ea4a9,Apr 7 15:08:34,Apr 7 15:16:48,6654ec982cb90af6e8bc7219,
8fc32c386a89e7fe,Mar 25 20:37:10,Mar 25 20:37:48,6034cf3c1dac215c6fe31624,
4c7d4983df0824f3,Apr 4 13:16:58,Apr 4 19:09:16,67b01f249acb8dfd481591e2,
0a0ee3d496d2cb0a,Mar 4 00:30:28,Mar 4 00:30:40,6283e5cee0833a2307ddeb0f,Mar 1 00:41:57
3219a95a52ce3a57,Mar 16 21:48:35,Mar 16 23:35:02,5ef39c45c154ff120c5e84b8,
ac2d2d9a8eeb5c7b,Mar 6 22:03:40,Mar 7 02:22:44,67646659b6ab85cd552decf1,
4c7d4983df0824f3,Apr 4 13:16:58,Apr 4 13:48:56,67b01f249acb8dfd481591e2,
8b139826c8a273dd,Mar 26 19:27:47,Mar 27 02:03:47,67d1812e25158f41a334bede,
dde9b27fbb1b34f5,Apr 7 15:09:18,Apr 7 15:09:27,67007d655b10fbe2d93c3508,
2c01d3880e4f8c4e,Mar 19 23:54:19,Mar 19 23:54:30,660b46f30e0078173c658320,
6bfa869b2d919521,Feb 27 07:58:01,Feb 27 08:07:15,643918b7df602a9f3f3f66d7,Feb 21 20:12:58
092884988930b6b8,Mar 25 20:50:19,Mar 25 23:06:37,674a488fe640fba145d7171b,
1ae5cb606a246b22,Mar 2 19:25:51,Mar 2 19:40:14,5c9d05e72b3c77001744e8d2,Feb 25 17:18:46
55fd0d1f98e99628,Mar 7 19:19:42,Mar 7 19:20:21,5ee637a18976fc391312fe01,
1993b67535f134ea,Mar 4 08:47:18,Mar 4 08:47:26,6720fbc84253185973cbe564,Mar 1 20:03:06
c30aa2d2b362ed26,Mar 2 18:32:15,Mar 3 22:57:02,60e2f29d1b210b7492202572,Feb 27 12:27:07
3f9314da574f3c96,Mar 16 21:25:40,Mar 17 05:54:05,59d3b07947f4e80001a6c551,
a41578f547b7d958,Mar 4 02:54:54,Mar 4 06:08:36,6785c695a07c912f4f5a105d,Mar 3 19:01:03
ea4a3cb381a8a56b,Mar 25 20:40:25,Mar 25 20:47:12,5e53e8d0a0002e3ee42be086,
dccc335ee828b784,Mar 4 20:03:31,Mar 4 20:23:45,6736aaf79268c6121b012a63,Mar 4 16:33:27
